Auto_Date,Auto_Time,Form_No,Entry_Personnel,Filled_Date,FIR_No,Police_Station,Time_Of_Crash,Date_Of_Crash,Collision_Type,Hit_and_Run,Special_Case,Case File Available,Crash_Severity,No_Of_ Fatalities,No_Of_ Injured,No_Of_Vehicles,Location,Road_Type,Road_1,Road_2,Road_3,GPS_Lat,GPS_Long,Note,No_of_Lanes,Curb_Type,Shoulder_Type,Median_Type,Light_Condition,Weather_Condition,Crash_ID,Distance_From_Landmark,Text97,Veh_Rel_Travel_Dir
12-09-2022,08:47 AM,210776,Anisha,12-May-22,0776,33,14:00,25-10-2021,Right Angle Crash,FALSE,FALSE,FALSE,Fatal Crash,1,0,2,Unknown,,"Aakash Hospital, Near Petrol Pump","Sector 3, Dwarka",,29,77,A motorcyclist and a pillion rider were been hit by a truck. The pillion rider came under the tyre of the truck due to which he died on the spot.,,,,,,,3713,3,North,Unknown
12-09-2022,08:47 AM,210811,Anisha,12-May-22,0811,33,21:45,16-11-2021,Sideswipe (Same Direction),TRUE,FALSE,FALSE,Fatal Crash,1,2,2,Unknown,,Kakarola Road Market,"Dwarka, Delhi",,29,77,A motorcyclist and the pillion riders were been hit by another motorcyclist from right side. The pillion rider was declared as brought dead and the other pillion rider and the motorcyclist were been injured.,,,,,,,3714,3,N/A,Same Direction
12-09-2022,08:47 AM,210813,Anisha,12-May-22,0813,33,22:20,17-11-2021,Right Angle Crash,FALSE,FALSE,FALSE,Fatal Crash,1,1,2,Unknown,,sarkari Dispensary Sector-14,"Dwarka, Near T-point",,29,77,A car was been hit by a motorcyclist. The car's driver and the motorcyclist were been taken to the hospital where the motorcyclist was treated and then he ran away from there. The car's driver was later checked because beds were not available in the hospital where doctor declared him as brought dead.,,,,,,,3715,2,North-West,Perpendicular Direction
12-09-2022,08:47 AM,210834,Anisha,12-May-22,0834,33,22:30,29-11-2021,Hit Pedestrian,FALSE,FALSE,FALSE,Fatal Crash,1,0,1,Unknown,,Patel Garden,Near Royal Garden Hall,"Kakrola , Delhi",29,77,A pedestrian was been hit by a motorcyclist. The motorcyclist and the pedestrian was been taken to the hospital by the public and the pedestrian was declared as brought dead.,,,,,,,3716,4,N/A,Unknown
12-09-2022,08:47 AM,210835,Anisha,12-May-22,0835,33,05:30,01-12-2021,Unknown,TRUE,FALSE,FALSE,Fatal Crash,1,1,2,Unknown,,Hum Sab Appartment,"Plot No.14, Sector 4",Dwarka,29,77,A motorcyclist and a pillion rider were been hit by an unknown vehicle. They were been taken to the hospital where the motorcyclist and the pillion rider were injured.,,,,,,,3717,4,N/A,Unknown
12-09-2022,08:47 AM,210094,Anisha,12-May-22,0094,34,23:30,03-03-2021,Unknown,FALSE,FALSE,FALSE,Fatal Crash,1,1,2,Unknown,,"Red Light, Chowk","Sector 6, 7 and 9, 10",,29,77,A car was been hit by another car. The victims were taken to the hospital where the passenger of one of the car was declared as brought dead.,,,,,,,3718,2,N/A,Unknown
12-09-2022,08:47 AM,210158,Anisha,12-May-22,0158,34,18:40,04-04-2021,Hit Pedestrian,FALSE,FALSE,FALSE,Fatal Crash,1,0,1,Unknown,,"Mazjid, Sector -11",Dwarka,,29,77,A pedestrian was been hit by a car. The victim was taken to the hospital where the victim was declared as brought dead.,,,,,,,3719,2,N/A,Unknown
12-09-2022,08:47 AM,210246,Anisha,12-May-22,0246,34,21:10,05-06-2021,Hit Pedestrian,FALSE,FALSE,FALSE,Fatal Crash,1,0,1,Unknown,,Near Raja Puri Red Light,"Madhu Vihar, Bus Stand",,29,77,A pedestrian was been hit by a an unknown vehicle. The victim was been taken to the hospital where he was treated.,,,,,,,3720,2,N/A,Unknown
12-09-2022,08:47 AM,210458,Anisha,12-May-22,0458,34,17:45,14-09-2021,Hit Pedestrian,FALSE,FALSE,FALSE,Fatal Crash,1,0,1,Unknown,,"On Road, Infront of Shop No. 52","S.S Plaza, Sector 7",Chander Vihar,28,77,A pedestrian was been hit by a car. The victim was been taken to the hospital where he was declared as brought dead.,,,,,,,3721,1,N/A,Unknown
12-09-2022,08:47 AM,210483,Anisha,12-May-22,0483,34,23:30,25-09-2021,Hit Pedestrian,TRUE,FALSE,FALSE,Fatal Crash,1,0,1,Unknown,,Near CNG Pump,"Sector-9, Dwarka",,29,77,A pedestrian was been hit by an unknown vehicle. The victim was been taken to the hospital where he was treated and during the treatment was declared as dead.,,,,,,,3722,1,N/A,Unknown
12-09-2022,08:47 AM,210118,Anisha,12-May-22,0118,34,18:13,13-03-2021,Single Vehicle Hit Fixed Object,FALSE,FALSE,FALSE,Fatal Crash,1,2,1,Unknown,,Main Road,Near Power House to Sector-2,Dwarka Red Light,29,77,"A motorcyclist and the pillion riders were self injured and when taken to the hospital, the motorcyclist was declared brought dead by the doctor and the pillion riders were treated.",,,,,,,3723,2,N/A,Unknown
12-09-2022,08:47 AM,210308,Anisha,12-May-22,0308,34,02:50,27-06-2021,Hit Pedestrian,TRUE,FALSE,FALSE,Fatal Crash,1,0,1,Unknown,,"Near CNG Pump, Sector-2",Madhu Vihar,Towards Dabri Road,29,77,A motorcyclist was been hit by an unknown vehicle and the victim was been taken to the hospital where the doctor declared as patient unfit to give statement.,,,,,,,3724,3,N/A,Unknown
12-09-2022,08:47 AM,210620,Anisha,12-May-22,0620,34,17:15,13-12-2021,Hit Pedestrian,FALSE,FALSE,FALSE,Fatal Crash,1,0,1,Unknown,,"Sector-1, Red Light",,,29,77,A pedestrian was been hit by a cluster bus who drove his vehicle onto the pedestrian due to which the victim was dead on the spot.,,,,,,,3725,3,N/A,Unknown
12-09-2022,08:47 AM,210005,Anisha,12-May-22,0005,35,11:35,02-01-2021,Hit Pedestrian,TRUE,FALSE,FALSE,Fatal Crash,1,0,1,Unknown,,Infront of Bazar Gali,"Nala Road, New Sadak","Vishwas Nagar, Delhi",29,77,A pedestriann was been hit by an unknown vehicle and the victim was been taken to the hospital where the doctor declared as patient unfit to give statement.,,,,,,,3726,2,N/A,Unknown
12-09-2022,08:47 AM,210049,Anisha,13-May-22,0049,36,18:00,25-01-2021,Sideswipe (Same Direction),FALSE,FALSE,FALSE,Fatal Crash,1,1,2,Unknown,,Before Petrol Pump,Dera Mod Road,,28,77,A motorcyclist and a pillion rider was trying to overtake the truck when suddenly the truck driver hit the motorcyclist and he came under the truck's tyre due to which he died on the spot and the pillion rider was treated at the hospital.,,,,,,,3727,8,West,Same Direction
12-09-2022,08:47 AM,210069,Anisha,13-May-22,0069,36,12:30,13-02-2021,Unknown,FALSE,FALSE,FALSE,Fatal Crash,1,2,2,Unknown,,Mandi Road,Near Gadaipur Police Pocket,New Delhi,28,77,A motorcyclist and the pilion riders were been hit by an ambulance. They were taken to the hospital by the ambulance where they were treated.,,,,,,,3728,1,North,Unknown
12-09-2022,08:47 AM,210088,Anisha,13-May-22,0088,36,22:45,28-02-2021,Unknown,TRUE,FALSE,FALSE,Fatal Crash,1,0,2,Unknown,,"MG Road, Near Ghitorni",Metro Station,New Delhi,28,77,A cyclist was been hit by a car. The victim was been taken to the hospital where the doctor declared as patient unfit for statement.,,,,,,,3729,7,N/A,Unknown
12-09-2022,08:47 AM,210113,Anisha,13-May-22,0113,36,04:45,21-03-2022,Backend Collision,FALSE,FALSE,FALSE,Fatal Crash,1,0,2,Unknown,,"Sports Hub, Near Ghitorni Red Light","MG Road, New Delhi",,28,77,A tempo was been hit by a car who was drunk and was coming at a very high speed. The tempo's driver was taken to the hospital where the doctor declared him as to be brought dead.,,,,,,,3730,6,East,Same Direction
12-09-2022,08:47 AM,210168,Anisha,13-May-22,0168,36,12:36,17-04-2021,Single Vehicle Hit Fixed Object,FALSE,FALSE,FALSE,Fatal Crash,1,0,1,Unknown,,On Road Dera Village,New Delhi,,28,77,A motorcyclist was self injured by getting hit on the pole. The victim was been taken to the hospital where the doctor declared as patient brought dead.,,,,,,,3731,7,South,Not Applicable
12-09-2022,08:47 AM,210323,Anisha,13-May-22,0323,36,14:15,13-07-2021,Unknown,TRUE,FALSE,FALSE,Fatal Crash,1,0,2,Unknown,,SSN Marg,Infront of Shanti Farm House,"Fatehpur, New Delhi",28,77,A motorcyclist was been hit by an unknown vehicle. The victim was taken to the hospital where the doctor declared as brought dead.,,,,,,,3732,7,East,Unknown
12-09-2022,08:47 AM,210360,Anisha,13-May-22,0360,36,06:20,06-08-2021,Unknown,FALSE,FALSE,FALSE,Fatal Crash,1,0,2,Unknown,,Harswaroop Colony Bus Stand,"Fatehpur Beri, New Delhi",,28,77,A motorcyclist was been hit by a tempo. The motorcyclist was been taken to the hospital where the doctor declared as brought dead.,,,,,,,3733,6,South-West,Unknown
12-09-2022,08:47 AM,210369,Anisha,13-May-22,0369,36,21:43,10-08-2022,Unknown,TRUE,FALSE,FALSE,Fatal Crash,1,0,2,Unknown,,Near Shakuntla Farm,"MG Road, Delhi",,28,77,A motorcylist was been hit by an unknown vehicle. The victim was been taken to the hospital where the doctor declared as brought dead.,,,,,,,3734,6,East,Unknown
12-09-2022,08:47 AM,210379,Anisha,13-May-22,0379,36,23:40,21-08-2021,Unknown,TRUE,FALSE,FALSE,Fatal Crash,1,1,2,Unknown,,"Mandi Road, Jonapur",Near Gadaipur Police Post,New Delhi,28,77,A motorcyclist and a pillion rider were been hit by a truck. They were taken to the hospital where the doctor declared the motorcyclist as brought dead and the pillion rider was treated.,,,,,,,3735,1,North,Unknown
12-09-2022,08:47 AM,210420,Anisha,13-May-22,0420,36,23:00,28-09-2021,Hit Pedestrian,TRUE,FALSE,FALSE,Fatal Crash,1,0,1,Unknown,,Infront of MCD School,"MG Road, Ghitorni",New Delhi,28,77,A pedestrian was been hit by an unknown vehicle. The victim was taken to the hospital where the doctor declared as brought dead.,,,,,,,3736,7,East,Unknown
12-09-2022,08:47 AM,210448,Anisha,13-May-22,0448,36,01:45,23-10-2021,Unknown,FALSE,FALSE,FALSE,Fatal Crash,1,0,2,Unknown,,MG Road,Near Sultanpur Metro Station,New Delhi,28,77,A cyclist was been hit by a car. The victim was taken to the hospital where the doctor declared as patient unfit for the statement.,,,,,,,3737,5,North-East,Unknown
12-09-2022,08:47 AM,210456,Anisha,13-May-22,0456,36,23:20,02-11-2021,Hit Pedestrian,TRUE,FALSE,FALSE,Fatal Crash,1,0,1,Unknown,,Infront of Opulent,Belamount Hotel,Bandh Road,28,77,A pedestrian was been hit by an unknown vehicle. The victim was taken to the hospital where the doctor declared as brought dead.,,,,,,,3738,4,North-East,Unknown
12-09-2022,08:47 AM,210501,Anisha,13-May-22,0501,36,02:00,29-11-2022,Hit Pedestrian,TRUE,FALSE,FALSE,Fatal Crash,1,0,1,Unknown,,Near Chattarpur Petrol Pump,"MG Road, New Dehi",,29,77,A pedestrian was been hit by an unknown vehicle. The victim was taken to the hospital where the doctor declared as patient unfit for statement.,,,,,,,3739,6,North,Unknown
12-09-2022,08:47 AM,210515,Anisha,13-May-22,0515,36,14:54,05-12-2021,Unknown,TRUE,FALSE,FALSE,Fatal Crash,1,1,2,Unknown,,Infront of Petrol Pump,Fatehpur Beri Dera Mod,New Delhi,28,77,A motorcyclist and the pillion rider were been hit by a car and ran away from the spot. The victim was been taken to the hospital where the doctor decared as brought dead.,,,,,,,3740,7,East,Unknown
12-09-2022,08:47 AM,210517,Anisha,13-May-22,0517,36,14:15,06-12-2021,Unknown,FALSE,FALSE,FALSE,Fatal Crash,1,0,2,Unknown,,"U-turn, Near S.S.B. Gate",Metro Pillar No.166,,28,77,A motorcyclist was been hit by a car. The motorcyclist was been treated and was declared dead during the treatment.,,,,,,,3741,4,West,Unknown
12-09-2022,08:47 AM,210538,Anisha,13-May-22,0538,36,11:30,23-12-2021,Others,TRUE,FALSE,FALSE,Fatal Crash,1,0,1,,,"G-523, Garhwal Colony","Ph-6 Aya Nagar, Delhi",,29,77,"A pedestrian was been injured when the tractor's load goods fell onto him when the truck's driver was taking turn on high speed. When taken to the hospital, the victim was declared dead.",,,,,,,3742,4,North-West,Not Applicable
12-09-2022,08:47 AM,210002,Anisha,13-May-22,0002,40,05:20,05-01-2021,Multi Vehicle Crash,TRUE,FALSE,FALSE,Fatal Crash,1,1,2,Unknown,,Meerut Highway,Sabzi and Phool Mandi,,29,77,A motorcyclist and a hand cart puller were been hit by a car. They were taken to the hospital where they were treated.,,,,,,,3743,1,West,Not Applicable
12-09-2022,08:47 AM,210021,Anisha,13-May-22,0021,40,23:00,17-01-2021,Head on Collision,TRUE,FALSE,FALSE,Fatal Crash,1,1,2,Unknown,,Near Shankhwar Hospital,"Nala Road, Harizan Basti","Old Kondli, Delhi",29,77,A motorcyclist and a pillion the rider were been hit by a car which was coming at a very high speed from front. They were taken to the hospital where the motorcyclist was been declared as brought dead and the pillion rider was been treated.,,,,,,,3744,2,South,Opposite Direction
12-09-2022,08:47 AM,210028,Anisha,13-May-22,0028,40,06:29,25-01-2021,Unknown,TRUE,FALSE,FALSE,Fatal Crash,1,0,2,Unknown,,"Service Road, Paper Market",Adarsh bal Bharti Junior High School,Infront of Sangam Park Khoda,29,77,A motorcyclist was been hit by a dumper truck. The motorcyclist was dead on spot because the truck crushed his body and couldn't be identified.,,,,,,,3745,2,East,Unknown
12-09-2022,08:47 AM,210065,Anisha,13-May-22,0065,40,14:15,24-02-2021,Hit Pedestrian,TRUE,FALSE,FALSE,Fatal Crash,1,0,1,Unknown,,"Gazipur, Under pass",Delhi,,29,77,A pedestrian was been hit by an unknown vehicle. The victim was taken to the hospital where the doctor declared as patient unconscious.,,,,,,,3746,2,South,Unknown
12-09-2022,08:47 AM,210079,Anisha,13-May-22,0079,40,15:05,01-03-2021,Others,FALSE,FALSE,FALSE,Fatal Crash,1,0,1,,,Road No.56,Infront of Bikaner Sweet Diary,,29,77,An E-rickshaw was drivind his vehicle at a high speed and zig zag on the road due to which one of the passenger fell from the rickshaw. The victim was then taken to the hospital where she died during the treatment.,,,,,,,3747,2,West,Not Applicable
12-09-2022,08:47 AM,210151,Anisha,13-May-22,0151,40,10:00,25-04-2021,Right Angle Crash,FALSE,FALSE,FALSE,Fatal Crash,1,0,2,Unknown,,T-point CRPF Camp Road,Towards New Kondli,,29,77,A motorcyclist was been hit by another motorcyclist. The victim was taken to the hospital where he was declared as brought dead.,,,,,,,3748,2,South-East,Perpendicular Direction
12-09-2022,08:47 AM,210196,Anisha,13-May-22,0196,40,07:30,18-05-2021,Head on Collision,FALSE,FALSE,FALSE,Fatal Crash,1,2,2,Unknown,,Infront of Gazipur Gaon,"NH-24, Delhi",,29,77,A motorcyclist and a pillion rider were been hit by a Electric rickshaw. The motorcyclist and the pillion rider were taken to the hospital  where they were treated.,,,,,,,3749,1,East,Opposite Direction
12-09-2022,08:47 AM,210482,Anisha,13-May-22,0482,40,19:41,29-09-2021,Hit Pedestrian,TRUE,FALSE,FALSE,Fatal Crash,1,0,1,Unknown,,"Main Road, Near Fish Market",,,0,0,An auto rickshaw was been hit by an unknown vehicle. The victim was taken to the hospital where the doctor declared the victim as brought dead.,,,,,,,3750,1,North-West,Unknown
12-09-2022,08:47 AM,210497,Anisha,13-May-22,0497,40,10:13,05-10-2021,Right Angle Crash,FALSE,FALSE,FALSE,Fatal Crash,1,0,2,Unknown,,Near Phool and Sabzi Mandi,Towards Gaziabad Road,Starting of NH-24 Flyover,29,77,A cyclist was been hit by canter truck and his head was been crushed by the truck's driver due to which the victim died on the spot.,,,,,,,3751,1,West,Perpendicular Direction
12-09-2022,08:47 AM,210607,Anisha,13-May-22,0607,40,23:30,24-11-2021,Unknown,TRUE,FALSE,FALSE,Fatal Crash,1,0,2,Unknown,,Infront of H.No.D-110,Kondli,,29,77,A motorcyclist was been hit by an unknown vehicle. The victim was taken to the hospital where he was been treated and died during the treatment.,,,,,,,3752,1,South,Unknown
12-09-2022,08:47 AM,210626,Anisha,13-May-22,0626,40,23:26,15-12-2021,Hit Pedestrian,FALSE,FALSE,FALSE,Fatal Crash,1,0,1,Unknown,,Bhaisa Mandi,Gazipur,,29,77,A pedestrian was behind a tempo and the tempo's driver suddenly backed his vehicle. The pedestrian came under the tempo and when taken to the hospital the victim was declared as brought dead.,,,,,,,3753,2,North-West,Same Direction
12-09-2022,08:47 AM,210399,Anisha,13-May-22,0399,40,11:30,28-08-2021,Hit Pedestrian,FALSE,FALSE,FALSE,Fatal Crash,1,0,1,Unknown,,"C-263, Gali No.6",Ghazipur Dairy Farm,Delhi,29,77,A pedestrian was been hit by a tempo. The victim was been taken to the hospital where he was declared as brought dead.,,,,,,,3754,2,South,Unknown
12-09-2022,08:47 AM,210084,Anisha,13-May-22,0084,38,23:15,03-04-2021,Backend Collision,TRUE,FALSE,FALSE,Fatal Crash,1,0,2,Unknown,,Seelampur,,,29,77,A motorcyclist was injured due to the tractor who was in front of them who putted break suddenly and the motorcyclist's head got hit on the trolly of the truck. The victim was taken to the hospital where he died during the treatment.,,,,,,,3755,3,N/A,Same Direction
12-09-2022,08:47 AM,210318,Anisha,14-May-22,0318,38,03:20,12-07-2021,Hit Pedestrian,TRUE,FALSE,FALSE,Fatal Crash,1,0,1,Unknown,,"Mother Diary, Pushta Road",Gandhi Nagar,,29,77,A pedestrian was been hit by an unknown vehicle. The victim was taken to the hospital where he was declared as brought dead.,,,,,,,3756,2,N/A,Unknown
12-09-2022,08:47 AM,210342,Anisha,14-May-22,0342,38,03:00,01-08-2021,Unknown,TRUE,FALSE,FALSE,Fatal Crash,1,1,2,Unknown,,Near Sai Baba Mandir,Pusta Road,"Gandhi Nagar, Delhi",29,77,A motorcyclist and a pillion rider were been hit by an unknown vehicle. They were taken to the hospital where the pillion rider was declared as  dead during the treatment and the motorcyclist was been treated.,,,,,,,3757,3,N/A,Unknown
12-09-2022,08:47 AM,210360,Anisha,14-May-22,0360,38,00:30,09-08-2021,Backend Collision,TRUE,FALSE,FALSE,Fatal Crash,1,0,2,Unknown,,"Y Point, Mother Dairy Red Light","Kailash Nagar, Delhi",,29,77,An auto was been hit by a tractor from behind. The victim was taken to the hospital where the doctor declared as patient unfit for the statement.,,,,,,,3758,2,N/A,Same Direction
12-09-2022,08:47 AM,210033,Anisha,14-May-22,0033,39,,21-01-2021,Hit Pedestrian,FALSE,FALSE,FALSE,Fatal Crash,1,0,1,Unknown,,Karkari Road Red Light,Aram Park Near SDM Office,Geeta Colony,29,77,"A pedestrian was been hit by a auto rickshaw. When taken to the hospital, the victim was declared as brought dead.",,,,,,,3759,2,N/A,Unknown
12-09-2022,08:47 AM,210083,Anisha,14-May-22,0083,39,,,Hit Pedestrian,TRUE,FALSE,FALSE,Fatal Crash,1,0,1,Unknown,,Under Geeta Colony Flyover,"SDM Office, Gandhi Nagar",Delhi,29,77,A pedestrian was been hit by an unknown vehicle. The victim was taken to the hospital where he was declared as unfit for statement.,,,,,,,3760,0,,Unknown
12-09-2022,08:47 AM,210346,Anisha,16-May-22,0346,39,07:00,26-04-2021,Hit Pedestrian,TRUE,FALSE,FALSE,Fatal Crash,1,0,1,Unknown,,Chacha Nehru Hospital,Under Flyover,"Geeta Colony, Delhi",29,77,A pedestrian was been hit by an unknown vehicle. The victim was found in the hospital where he was declared as dead during the treatment.,,,,,,,3761,1,N/A,Unknown
12-09-2022,08:47 AM,210578,Anisha,16-May-22,0578,39,02:20,24-10-2021,Backend Collision,TRUE,FALSE,FALSE,Fatal Crash,1,1,2,Unknown,,On Road Yamuna Bridge,Near Geeta Colony Flyover,Delhi,29,77,A motorcyclist and a pillion rider were been hit by an unknown vehicle. The victims were taken to the hospital where the motorcyclist was declared as brought dead and the pillion rider was treated.,,,,,,,3762,1,N/A,Same Direction
12-09-2022,08:47 AM,210674,Anisha,16-May-22,0674,39,19:10,04-12-2021,Unknown,TRUE,FALSE,FALSE,Fatal Crash,1,0,2,Unknown,,Under Flyover,"Geeta Colony, Delhi",,29,77,A motorcyclist was been hit by an unknown vehicle. The victim was taken to the hospital where the victim was declared as unfit for the statement.,,,,,,,3763,1,N/A,Unknown
12-09-2022,08:47 AM,210502,Anisha,16-May-22,0502,39,13:30,14-09-2021,Unknown,TRUE,FALSE,FALSE,Fatal Crash,1,0,2,Unknown,,Infront of  Sai Bhawan,Near Chacha Nehru Hospital,"Geeta Colony, Delhi",29,77,A motorcylcist was been hit by an unknown vehicle. The victim was taken to the hospital where the victim was declared as unfit for the statement.,,,,,,,3764,1,N/A,Unknown
12-09-2022,08:47 AM,210083,Anisha,16-May-22,0083,41,20:00,05-04-2021,Sideswipe (Same Direction),FALSE,FALSE,FALSE,Fatal Crash,1,0,2,Unknown,,Wazirabad Road,Under Footover Bridge,"Yamuna Vihar, C-Block",29,77,"An auto was been hit by a bus. Due to some quarrel between them, the auto driver got hanged on the door of the bus where the driver seat was and wanted to took out the driver, when suddenly the bus driver began to drive his bus very fast and due to which the auto driver's hand got slipped and he fell. The victim was declared as brought dead on taken to the hospital.",,,,,,,3765,1,South-West,Same Direction
12-09-2022,08:47 AM,210090,Anisha,16-May-22,0090,41,13:45,10-04-2021,Backend Collision,FALSE,FALSE,FALSE,Fatal Crash,1,1,2,Unknown,,Near Gokulpuri Flyover,Main Wazirabad Road,Bhajanpura to Nand Nagrijane Road,29,77,A motorcyclist and a pillion rider got hit on the bus who suddenly breaked the bus. The victims were taken to the hospital where the motorcyclist was declared as brought dead.,,,,,,,3766,1,South,Same Direction
12-09-2022,08:47 AM,210206,Anisha,16-May-22,0206,41,06:04,18-08-2021,Hit Pedestrian,TRUE,FALSE,FALSE,Fatal Crash,1,0,1,Unknown,,Loni Gol Chakkar,Near Hanuman Mandir,Delhi,29,77,A pedestrian was been hit by an unknown vehicle. The victim was found in the hospital where he was declared as brought dead.,,,,,,,3767,1,East,Unknown
12-09-2022,08:47 AM,210256,Anisha,16-May-22,0256,41,19:30,06-10-2021,Unknown,TRUE,FALSE,FALSE,Fatal Crash,1,1,2,Unknown,,Loni Road Flyover,Upside Front of Hanuman Mandir,,29,77,A motorcyclist and a pillion rider were been hit by a mini bus. The victims were been taken to the hospital where the motorcyclist was declared as brought dead and the pillion rider was treated.,,,,,,,3768,0,East,Unknown
12-09-2022,08:47 AM,210031,Anisha,16-May-22,0031,42,21:30,11-01-2021,Hit Pedestrian,TRUE,FALSE,FALSE,Fatal Crash,1,2,1,Unknown,,Near Red Light,Tara Appartment,RD Marg,29,77,A pedestrians were been hit by an unknown vehicle. The victim were taken to the hospital where,,,,,,,3769,2,South-East,Unknown
12-09-2022,08:47 AM,210079,Anisha,16-May-22,0079,43,15:40,16-03-2021,Unknown,TRUE,FALSE,FALSE,Fatal Crash,1,0,2,Unknown,,Near Electric Pole No.42,Main BRT Road,From Archana Red Light to Chirag Delhi,29,77,A motorcyclist was been hit by an unknown vehicle. The victim was taken to the hospital where the doctor declared as brought dead.,,,,,,,3770,1,N/A,Unknown
12-09-2022,08:47 AM,210248,Anisha,16-May-22,0248,43,20:15,07-08-2021,Unknown,FALSE,FALSE,FALSE,Fatal Crash,1,0,2,Unknown,,Near Indian Oil Petrol Pump,Opposite BRT Road,Greater Kailash-1,29,77,A motorcyclist was been hit by a car. The victim was been taken to the hospital  where the doctor declared him as brought dead.,,,,,,,3771,2,North-West,Unknown
12-09-2022,08:47 AM,210256,Anisha,16-May-22,0256,43,03:15,30-08-2021,Single Vehicle Hit Fixed Object,FALSE,FALSE,FALSE,Fatal Crash,1,1,1,Unknown,,"Police Pocket, BRT Road",Near Chirag  Delhi Flyover,Towards Moolchand,29,77,A motorcyclist and a pillion rider got hit on the barigate. The victims were taken to the hospital where the motorcyclist was declared as brought dead and the pillion rider was treated.,,,,,,,3772,1,N/A,Not Applicable
12-09-2022,08:47 AM,210294,Anisha,16-May-22,0294,43,04:00,05-11-2021,Single Vehicle Hit Fixed Object,FALSE,FALSE,FALSE,Fatal Crash,1,0,1,Unknown,,Infront of B-74,HRG Marg,T-point GK-1,29,77,A motorcyclist got hit into the fixed object. The victim was taken to the hospital where he was treated.,,,,,,,3773,1,N/A,Not Applicable
12-09-2022,08:47 AM,210086,Anisha,16-May-22,0086,37,14:33,27-03-2021,Hit Pedestrian,FALSE,FALSE,FALSE,Fatal Crash,1,0,1,Unknown,,"Jhil Mill Industrial Area, Delhi",,,29,77,A pedestrian was been hit by a truck. The victim was taken to the hospital where he was treated.,,,,,,,3774,1,South,Unknown
12-09-2022,08:47 AM,210152,Anisha,16-May-22,0152,37,18:15,25-05-2021,Unknown,FALSE,FALSE,FALSE,Fatal Crash,1,0,1,Unknown,,"Shahdara Flyover, Delhi",,,29,77,An auto got self crash on the road and the auto driver was taken to the hospital where the doctor declared him as brought dead.,,,,,,,3775,1,N/A,Unknown
12-09-2022,08:47 AM,210180,Anisha,16-May-22,0180,37,23:48,12-06-2021,Hit Pedestrian,TRUE,FALSE,FALSE,Fatal Crash,1,0,1,Unknown,,Shahdara Flyover,Near District Police Line,"Dilshad Garden, Delhi",29,77,A pedestrian was been hit by a truck. The victim was taken to the hospital where the doctor declared as unfit for statement.,,,,,,,3776,2,N/A,Unknown
12-09-2022,08:47 AM,210186,Anisha,16-May-22,0186,37,05:15,20-06-2021,Unknown,TRUE,FALSE,FALSE,Fatal Crash,1,2,2,Unknown,,GTB Hospital,Red Light,Dishad Garden,29,77,A car and a pedestrian were been hit by another car and due to which the car got overturn. The victims were taken to the hospital where  they were treated.,,,,,,,3777,1,West,Unknown
12-09-2022,08:47 AM,210392,Anisha,17-May-22,0392,37,19:00,18-11-2021,Unknown,TRUE,FALSE,FALSE,Fatal Crash,1,0,2,Unknown,,Shahdara Flyover,Near M.S Park Metro Station,Delhi,29,77,A cyclist was been hit by an unknown vehicle. The victim was taken to the hospital where the doctor declared as brought dead.,,,,,,,3778,2,South-West,Unknown
12-09-2022,08:47 AM,210420,Anisha,17-May-22,0420,37,06:02,18-12-2021,Head on Collision,TRUE,FALSE,FALSE,Fatal Crash,1,0,2,Unknown,,Infront of Jhil Mill Metro Station,"On Road, Opposite Carriage Way",Delhi,29,77,A tempo was been hit by an unknown vehicle. The victim was taken to the hospital where the doctor declared as brought dead.,,,,,,,3779,2,N/A,Unknown