Auto_Date,Auto_Time,Form_No,Entry_Personnel,Filled_Date,FIR_No,Police_Station,Time_Of_Crash,Date_Of_Crash,Collision_Type,Hit_and_Run,Special_Case,Case File Available,Crash_Severity,No_Of_ Fatalities,No_Of_ Injured,No_Of_Vehicles,Location,Road_Type,Road_1,Road_2,Road_3,GPS_Lat,GPS_Long,Note,No_of_Lanes,Curb_Type,Shoulder_Type,Median_Type,Light_Condition,Weather_Condition,Crash_ID,Distance_From_Landmark,Text97,Veh_Rel_Travel_Dir
12-09-2022,08:47 AM,210366,Anisha,20-May-22,0366,55,22:14,02-05-2021,Hit Pedestrian,TRUE,FALSE,FALSE,Fatal Crash,1,0,1,Unknown,,Outer Ring Road,Before Bhalswa Flyover,Towards Mukraba Chowk,29,77,A pedestrian was been hit by an unknown vehicle. The victim was already taken to the hospital where he was declared as brought dead.,,,,,,,3847,1,North,Unknown
12-09-2022,08:47 AM,210540,Anisha,20-May-22,0540,55,04:45,03-06-2021,Unknown,TRUE,FALSE,FALSE,Fatal Crash,1,2,2,Unknown,,Outer Ring Road,Bhalswa Flyover To Mukraba Chowk,Near Foot Over Bridge,29,77,An auto rickshaw was been hit by an unknown vehicle. The auto driver was dead on the spot and the other two victims were injured and were taken to the hospital.,,,,,,,3848,2,West,Unknown
12-09-2022,08:47 AM,210590,Anisha,20-May-22,0590,55,04:30,17-06-2021,Unknown,TRUE,FALSE,FALSE,Fatal Crash,1,0,2,Unknown,,"Prepaid Booth, Mukraba Chowk",Outer Ring Road,From Rohini towards ISBT,29,77,A TSR was been hit by an unknown vehicle. The victim was taken to the hospital where the victim was treated.,,,,,,,3849,2,West,Unknown
12-09-2022,08:47 AM,210598,Anisha,20-May-22,0598,55,00:00,20-06-2021,Hit Pedestrian,TRUE,FALSE,FALSE,Fatal Crash,1,0,1,Unknown,,Near Bhalswa Flyover,Outer Ring Road,"Jahangir Puri, Delhi",29,77,A pedestrian was been hit by an unknown vehicle. The victim was taken to the hospital by a police vehicle where he was treated.,,,,,,,3850,1,South-West,Unknown
12-09-2022,08:47 AM,210605,Anisha,20-May-22,0605,55,12:00,21-06-2021,Hit Pedestrian,FALSE,FALSE,FALSE,Fatal Crash,1,0,1,Unknown,,ISBT to Towards Mukraba Chowk,On Mukund Flyover Chowk,,29,77,A disembarked vehicle occupant was been hit by an auto. The victim was taken to the hospital where he died during the treatment.,,,,,,,3851,1,West,Same Direction
12-09-2022,08:47 AM,210750,Anisha,20-May-22,0750,55,10:30,11-08-2021,Unknown,FALSE,FALSE,FALSE,Fatal Crash,1,0,2,Unknown,,Bhalswa Chowk Flyover,Jhangir Puri,,29,77,A truck and a tempo were found in an accidental state. The victim was taken to the hospital where he was declared as brought dead.,,,,,,,3852,1,West,Unknown
12-09-2022,08:47 AM,210806,Anisha,20-May-22,0806,55,08:36,08-09-2021,Unknown,FALSE,FALSE,FALSE,Fatal Crash,1,0,2,Unknown,,Outer Ring Road Burari,Towards Near Sai Kabristan,Jahangir Puri,29,77,"A car was been hit by another car. The car's driver was injured and was leaning out of the window. The victim was taken to the hospital where after checking the victim, the doctor declared him as brought dead.",,,,,,,3853,2,East,Unknown
12-09-2022,08:47 AM,210328,Anisha,20-May-22,0328,55,13:35,17-04-2021,Hit Pedestrian,TRUE,FALSE,FALSE,Fatal Crash,1,0,1,Unknown,,"B-C Block Road, Near Juice Corner",,,29,77,A pedestrian was been hit by an unknown vehicle. The victim was taken to the hospital where he died during the treatment.,,,,,,,3854,2,South,Unknown
12-09-2022,08:47 AM,210480,Anisha,20-May-22,0480,55,,20-05-2021,Unknown,FALSE,FALSE,FALSE,Fatal Crash,1,4,2,Unknown,,"MCD Flats, Main Gate No.4","Jahangir Puri, Delhi",,229,77,Two motorcyclist were found in an accidental condition. The victims were taken to the hospital where they were treated.,,,,,,,3855,1,East,Unknown
12-09-2022,08:47 AM,210759,Anisha,23-May-22,0759,55,15:00,13-08-2021,Hit Pedestrian,FALSE,FALSE,FALSE,Fatal Crash,1,0,1,Unknown,,Near C-Block Market,CD Park Road,"Jahangir Puri, Delhi",29,77,A pedestrian was been hit by a car which was coming at a very high speed. The victim was taken to the hospital where he was declared dead.,,,,,,,3856,1,South,Same Direction
12-09-2022,08:47 AM,210782,Anisha,23-May-22,0782,55,00:00,15-08-2021,Single Vehicle Overturn,FALSE,FALSE,FALSE,Fatal Crash,1,0,1,Unknown,,Nirankari Underpass Way,Nirankari to Jhangir Puri,Delhi,29,77,An Electric Rickshaw Driver was injured dur to overturn of his E-rickshaw. The victim was taken to the hospital where he died during the treatment.,,,,,,,3857,1,East,Not Applicable
12-09-2022,08:47 AM,210796,Anisha,23-May-22,0796,55,20:00,04-09-2021,Hit Pedestrian,TRUE,FALSE,FALSE,Fatal Crash,1,0,1,Unknown,,Shah Alam Bagh,Near Moolchand Colony Park,"Jahangir Puri, Delhi",29,77,A pedestrian was been hit by an unknown vehicle. The victim was taken to the hospital where the doctor declared her as brought dead.,,,,,,,3858,2,West,Unknown
12-09-2022,08:47 AM,210825,Anisha,23-May-22,0825,55,00:00,19-09-2021,Others,FALSE,FALSE,FALSE,Fatal Crash,1,0,1,Unknown,,Near Main Gate,ITI Main Road,"Jahangir Puri, Delhi",29,77,A pedestrian was hit by an unknown vehicle and was taken to the hospital where he was treated.,,,,,,,3859,1,South-West,Not Applicable
12-09-2022,08:47 AM,210859,Anisha,23-May-22,0859,55,12:00,04-10-2021,Hit Pedestrian,FALSE,FALSE,FALSE,Fatal Crash,1,0,1,Unknown,,Outer Ring Road,Samudayik Bhawan,,29,77,A pedestrian was been hit by an unknown vehicle. The victim was taken to the hospital where he was declared as brought dead.,,,,,,,3860,1,North,Unknown
12-09-2022,08:47 AM,210866,Anisha,23-May-22,0866,55,00:00,08-10-2021,Unknown,TRUE,FALSE,FALSE,Fatal Crash,1,0,1,Unknown,,Outer Ring Road,Near Bhalswa Flyover,Towards ISBT Jhangir Puri,29,77,A motorcyclist was been hit by an unknown vehicle. The victim was been taken to the hospital where he died during the treatment.,,,,,,,3861,2,South-East,Unknown
12-09-2022,08:47 AM,210879,Anisha,23-May-22,0893,55,22:10,13-10-2021,Backend Collision,FALSE,FALSE,FALSE,Fatal Crash,1,0,2,Unknown,,Outer Ring Road,"EE Block, Red Light","Jhangir puri, Delhi",29,77,A motorcyclist was been hit by a truck from behind. The victim's shirt got tangled into the tyre of the truck and got dragged on the road along with the truck. The victim was taken to the hospital where he was declared as brought dead.,,,,,,,3862,1,North-East,Same Direction
12-09-2022,08:47 AM,210893,Anisha,23-May-22,0893,55,01:00,23-10-2021,Single Vehicle Hit Fixed Object,FALSE,FALSE,FALSE,Fatal Crash,1,0,1,Unknown,,Najad Mukundpur Flyover,Towards Mukraba Chowk,"Outer Ring Road, Jahangir puri",29,77,A tempo got hit on the median as the tempo's driver was driving at a very high speed. The vehicle's passenger was injured and was taken to the hospital where he was declared as brought dead.,,,,,,,3863,2,North-East,Not Applicable
12-09-2022,08:47 AM,210895,Anisha,23-May-22,0895,55,17:00,26-10-2021,Backend Collision,FALSE,FALSE,FALSE,Fatal Crash,1,0,2,Unknown,,Before Mukundpur Chowk,Under Metro Line,Jahangir puri,29,77,An E-rickshaw was been hit by a tempo from behind. The passenger of the E-rickshaw fell on the road and her head came under the tyre of the tempo. The victim was taken to the hspital where he was declared as brought dead.,,,,,,,3864,1,North,Same Direction
12-09-2022,08:47 AM,210074,Anisha,23-May-22,0074,56,19:00,19-02-2021,Hit Pedestrian,TRUE,FALSE,FALSE,Fatal Crash,1,0,1,Unknown,,Midhapur Chowk to Durga Builder,"Jaitpur, Delhi",,28,77,A pedestrian was been hit by an unknown vehicle. The victim was taken to the hospital where he was declared as brought dead.,,,,,,,3865,1,East,Unknown
12-09-2022,08:47 AM,210329,Anisha,23-May-22,0329,56,16:30,28-06-2021,Sideswipe (Same Direction),FALSE,FALSE,FALSE,Fatal Crash,1,0,2,Unknown,,Opposite Chat Ghat,NTPC Nala Road,Jaitpur,29,77,A motorcyclist was been hit by a truck from side. The victim got banged on the side wall and fell on the road. He was taken to the hospital where he was declared as brought dead.,,,,,,,3866,2,North-East,Same Direction
12-09-2022,08:47 AM,210489,Anisha,23-May-22,0489,56,19:44,24-10-2021,Unknown,FALSE,FALSE,FALSE,Fatal Crash,1,0,2,Unknown,,Kalindi Kunj Road,Near Lohiya Pul,,29,77,A scooty was been hit by a car. The motorcylcist was been taken to the hospital where he was treated,,,,,,,3867,2,North-West,Unknown
12-09-2022,08:47 AM,210528,Anisha,23-May-22,0528,56,20:45,20-11-2021,Hit Pedestrian,TRUE,FALSE,FALSE,Fatal Crash,1,0,1,Unknown,,Meethapur Chowk,"Jaitpur, New Delhi",,29,77,A pedestrian was been hit by an unknownn vehicle. The victim was taken to the hospital where he was declared as brought dead.,,,,,,,3868,2,North,Unknown
12-09-2022,08:47 AM,210290,Anisha,23-May-22,0290,57,,,Hit Pedestrian,TRUE,FALSE,FALSE,Fatal Crash,1,0,1,Unknown,,Shop No.3911,Gali Jagat Wali,"Jama Masjid, Delhi",29,77,A pedestrian was been hit by a car. The victim was taken to the hospital where he was unfit for statement as said by the doctor.,,,,,,,3869,1,South-East,Unknown
12-09-2022,08:47 AM,210026,Anisha,23-May-22,0026,59,07:34,20-01-2021,Unknown,FALSE,FALSE,FALSE,Fatal Crash,1,0,2,Unknown,,Dabri Mod Gol Chakkar,"U-turn, Opposite SDMC Gate","Janak puri, Delhi",29,77,A motorcyclist was been hit by a cluster bus. The motorcyclist was taken to the hospital where the doctor declared as patient unfit for statement.,,,,,,,3870,1,N/A,Unknown
12-09-2022,08:47 AM,210037,Anisha,23-May-22,0037,59,09:00,04-02-2021,Hit Pedestrian,TRUE,FALSE,FALSE,Fatal Crash,1,0,1,Unknown,,Main Pankha Road,C-2 Red Light,Jankpuri,29,77,A pedestrian was been hit by a RTV bus. The victim was taken to the hospital where the doctor declared as patient unfit for statement.,,,,,,,3871,2,N/A,Unknown
12-09-2022,08:47 AM,210112,Anisha,23-May-22,0112,59,21:30,28-03-2021,Backend Collision,FALSE,FALSE,FALSE,Fatal Crash,1,0,2,Unknown,,Infront of Easy Day Departmental Store,"B3/178, Jankpuri",,29,77,A car was been hit by a motorcyclist from behind. The motorcyclist was taken to the hospital where the doctor declared as patient unfit for statement.,,,,,,,3872,3,N/A,Same Direction
12-09-2022,08:47 AM,210128,Anisha,23-May-22,0128,59,23:45,14-03-2021,Hit Pedestrian,TRUE,FALSE,FALSE,Fatal Crash,1,0,1,Unknown,,At Jankpuri Red Light,,,29,77,A pedestrian was been hit by an unknown vehicle. The victim was taken to the hospital where she was unfit to give statement as said by the doctor.,,,,,,,3873,1,N/A,Unknown
12-09-2022,08:47 AM,210338,Anisha,23-May-22,0338,59,00:00,08-07-2021,Hit Pedestrian,TRUE,FALSE,FALSE,Fatal Crash,1,0,1,Unknown,,"Pankha Road, Near Dabri Flyover","Janak Puri, New Delhi",,29,77,A pedestrian was been hit by an unknown vehicle. The victim was taken to the hospital where she was unfit to give statement as said by the doctor.,,,,,,,3874,1,N/A,Unknown
12-09-2022,08:47 AM,210440,Anisha,23-May-22,0440,59,15:20,02-09-2021,Unknown,TRUE,FALSE,FALSE,Fatal Crash,1,0,2,Unknown,,Dabri Flyover,Towards Uttam Nagar Main Road,,29,77,A motorcyclist was been hit by an unknown vehicle. The victim was taken to the hospital where he was declared as brought dead.,,,,,,,3875,3,N/A,Unknown
12-09-2022,08:47 AM,210450,Anisha,24-May-22,0450,59,23:00,11-09-2021,Unknown,TRUE,FALSE,FALSE,Fatal Crash,1,1,2,Unknown,,In front at A-2/287,Main Pankha Road,Janak puri,29,77,A motorcyclist and a pillion rider were been hit by an unknown vehicle. The victims were taken to the hospital where the motorcyclist was declared as brought dead and the pillion rider was treated.,,,,,,,3876,3,N/A,Unknown
12-09-2022,08:47 AM,210535,Anisha,24-May-22,0535,59,00:00,01-11-2021,Unknown,TRUE,FALSE,FALSE,Fatal Crash,1,0,2,Unknown,,"C-1, Red Light, Pankha Road",Towards Uttam Nagar to Sagar pur,"Janakpuri, Delhi",29,77,A motorcyclist was been hit by a van. The motorcyclist was been taken to the hospital where he was unfit for statement as said by the doctor.,,,,,,,3877,2,N/A,Unknown
12-09-2022,08:47 AM,210536,Anisha,24-May-22,0536,59,18:20,03-11-2021,Hit Pedestrian,TRUE,FALSE,FALSE,Fatal Crash,1,0,1,Unknown,,"C-3 Block, Park Near BSES Office","Janakpuri, Delhi",,29,77,A pedestrian was been hit by a Fortuner car. The victim was taken to the hospital where he was declared as brought dead.,,,,,,,3878,3,N/A,Unknown
12-09-2022,08:47 AM,210584,Anisha,24-May-22,0584,59,04:20,03-12-2021,Single Vehicle Hit Fixed Object,FALSE,FALSE,FALSE,Fatal Crash,1,2,1,Unknown,,Near Delhi Jal Board Office,Dada Satnam Mamtani Marg,"Janakpuri, Delhi",29,77,A car was been hit by an unknown vehicle. The victims were taken to the hospital where they were unfit for statement.,,,,,,,3879,2,N/A,Unknown
12-09-2022,08:47 AM,210123,Anisha,24-May-22,0123,61,21:00,27-03-2021,Hit Pedestrian,TRUE,FALSE,FALSE,Fatal Crash,1,1,1,Unknown,,Nand Nagri Flyover,Bhajanpura Towards Gagan Cinema,Main Wazirabad Road,29,77,The pedestrians were been hit bya motorcyclist. The pedestrians were talen to the hospital where one of the pedestrain died and the other was treated.,,,,,,,3880,1,North-East,Not Applicable
12-09-2022,08:47 AM,210257,Anisha,24-May-22,0257,61,17:40,05-06-2021,Hit Pedestrian,TRUE,FALSE,FALSE,Fatal Crash,1,0,1,Unknown,,Infront of TATA Motors,Main Wazirabad Road,"Meet Nagar, Delhi",29,77,A pedestrian was been hit by an unknown vehicle. The victim was been taken to the hospital where the doctor declared her as brought dead.,,,,,,,3881,1,North-East,Unknown
12-09-2022,08:47 AM,210287,Anisha,24-May-22,0287,61,14:45,25-06-2021,Hit Pedestrian,FALSE,FALSE,FALSE,Fatal Crash,1,0,1,Unknown,,HP Petrol Pump,Near Ambedkar College,,29,77,A pedestrian was been hit by a tanker. The tanker right tyre crushed the victim's head and chest. The victim was taken to the hospital where he was declared as brought dead.,,,,,,,3882,1,North-East,Not Applicable
12-09-2022,08:47 AM,210398,Anisha,24-May-22,0398,61,21:40,04-08-2021,Unknown,FALSE,FALSE,FALSE,Fatal Crash,1,1,1,Unknown,,Delhi Jal Board Road,Infront of EDMC School,,29,77,A motorcyclist and a pillion rider were hit by an unknown vehicle. The victims were taken to the hospital where the mtorcyclist was declared as brought dead and the pillion rider was unfit for statement.,,,,,,,3883,0,East,Unknown
12-09-2022,08:47 AM,210607,Anisha,24-May-22,0607,61,11:30,14-10-2021,Unknown,TRUE,FALSE,FALSE,Fatal Crash,1,1,2,Unknown,,Durga Puri Chowk,Towards Red Light Shahdara,,29,77,A motorcyclist was been hit by a car and the same car hitted a pedestrian and the car at last got hit on the divider. The pedestrian and the motorcyclist were taken to the hospital where,,,,,,,3884,1,North-East,Unknown
12-09-2022,08:47 AM,210037,Anisha,24-May-22,0037,62,01:00,31-01-2021,Unknown,FALSE,FALSE,FALSE,Fatal Crash,1,1,2,Unknown,,K N Katju Marg,Near Neelkanth Apartment,"Sector-13, Rohini, Delhi",29,77,Two cars were found in an accidental condition on the road. The victims were taken to the hospital where one of the vehicle's driver died and the other was treated,,,,,,,3885,1,East,Unknown
12-09-2022,08:47 AM,210142,Anisha,24-May-22,0142,62,02:00,06-04-2021,Unknown,TRUE,FALSE,FALSE,Fatal Crash,1,0,1,Unknown,,"Main KNK Marg, Near Divider",Infront of ESI Hospital,"Sector 15, Rohini",29,77,A motorcyclist and a pillion rider were been hit by an unknown vehicle. The victim was taken to the hospital where the motorcyclist died during the treatment and the pillion rider was injured.,,,,,,,3886,1,North,Unknown
12-09-2022,08:47 AM,210222,Anisha,24-May-22,0222,62,19:30,13-05-2021,Hit Pedestrian,TRUE,FALSE,FALSE,Fatal Crash,1,0,1,Unknown,,"On Road, Near A-3/125","Sector 16, Rohini, Delhi",,29,77,A pedestrian was been hit by an unknown vehicle. The victim was taken to the hospital where he was treated.,,,,,,,3887,1,North,Unknown
12-09-2022,08:47 AM,210260,Anisha,24-May-22,0260,62,23:51,17-06-2021,Unknown,TRUE,FALSE,FALSE,Fatal Crash,1,0,1,Unknown,,KNK Marg,Near Outer Ring Road,,29,77,A cyclist was been hit by an unknown vehicle. The victim was taken to the hospital where he was treated.,,,,,,,3888,2,East,Unknown
12-09-2022,08:47 AM,210414,Anisha,24-May-22,0414,62,01:10,25-09-2021,Backend Collision,TRUE,FALSE,FALSE,Fatal Crash,1,0,2,Unknown,,"On Road, KNK Marg",Near ESI Hospital,,29,77,A motorcyclist was been hit by an unknown vehicle. The motorcyclist was taken to the hospital where he was treated,,,,,,,3889,1,North-East,Same Direction
12-09-2022,08:47 AM,210536,Anisha,24-May-22,0536,62,11:00,01-12-2021,Others,TRUE,FALSE,FALSE,Fatal Crash,1,0,1,Unknown,,Near Harsh Apartment,"Sector-15, Rohini",Delhi,29,77,A motrcyclist was injured by self fell from the vehicle. The victim was taken to the hospital by his father where he was treated.,,,,,,,3890,0,,Not Applicable
12-09-2022,08:47 AM,210105,Anisha,24-May-22,0105,63,05:03,28-02-2021,Unknown,TRUE,FALSE,FALSE,Fatal Crash,1,0,2,Unknown,,Yamuna Pusta Road,Near Makki Masjid,Madanpur Khadar Extension,29,77,A cyclist was been hit by an unknown vehicle. The victim was been taken to the hospital where he was treated.,,,,,,,3891,1,N/A,Unknown
12-09-2022,08:47 AM,210122,Anisha,24-May-22,0122,63,09:00,14-03-2021,Hit Pedestrian,TRUE,FALSE,FALSE,Fatal Crash,1,0,1,Unknown,,"B-1/1, Main Kalindi Kunj Road","Near Lal Hospital, Khadda Colony",Jaitpur Part-2,29,77,A pedestrian was been hit by an auto. The victim was taken to the hospital where he was unfit for statement as said by the doctor.,,,,,,,3892,3,N/A,Unknown
12-09-2022,08:47 AM,210123,Anisha,24-May-22,0123,63,17:00,14-03-2021,Head on Collision,TRUE,FALSE,FALSE,Fatal Crash,1,0,2,Unknown,,Agra Canal Road,"Madanpur, Khaddar",New Delhi,29,77,A motorcyclist and a pillion rider were been hit by a three wheeler from front side. The motorcyclist was taken to the hospital where he was unfit for statement as said by the doctor.,,,,,,,3893,2,N/A,Opposite Direction
12-09-2022,08:47 AM,210131,Anisha,24-May-22,0131,63,09:45,19-03-2021,Hit Pedestrian,FALSE,FALSE,FALSE,Fatal Crash,1,1,1,Unknown,,"Umar Masjid, Near Kabadi",Khadda Colony,,29,77,The pedestrians were been hit by a car from behind. The victims were taken to the hospital where one of the pedestrian died during the treatment and the other was treated.,,,,,,,3894,2,N/A,Same Direction
12-09-2022,08:47 AM,210195,Anisha,24-May-22,0195,63,08:35,14-04-2021,Unknown,TRUE,FALSE,FALSE,Fatal Crash,1,0,2,Unknown,,"JJ Colony, Madanpur Khadar","Kalindi Kunj Main Road, New Delhi",,29,77,A motorcyclist was been hit by an unknown vehicle. The victim was taken to the hospital where he was declared as brought dead.,,,,,,,3895,3,West,Unknown
12-09-2022,08:47 AM,210206,Anisha,24-May-22,0206,63,13:30,16-04-2021,Right Angle Crash,TRUE,FALSE,FALSE,Fatal Crash,1,0,2,Unknown,,800 Metres before from Khadar Puliya,Towards Lohia Pul,,29,77,"An auto rickshaw driver and the passengers were been hit by a Pickup Bolero car. The driver of the car tried to overtake the auto when the hook of the back of the car got stuck into the auto and it went with the car and at a point, the auto got overturned. The auto driver was taken to the hospital where the doctor declared as brought dead.",,,,,,,3896,2,N/A,Same Direction
12-09-2022,08:47 AM,210426,Anisha,24-May-22,0426,63,,,Hit Pedestrian,TRUE,FALSE,FALSE,Fatal Crash,1,0,1,Unknown,,"Metro Pump, Near EROS Hotel",,,29,77,A pedestrian was been hit by an unknown vehicle. The victim died in the spot.,,,,,,,3897,0,,Unknown
12-09-2022,08:47 AM,210515,Anisha,24-May-22,0515,63,07:03,04-11-2021,Unknown,FALSE,FALSE,FALSE,Fatal Crash,1,0,2,Unknown,,Kalindi Kunj Flyover,Near Toll Tax,,29,77,A cyclist was been hit by a tempo. The victim was taken to the hospital where he was declared as brought dead.,,,,,,,3898,2,North-East,Unknown
12-09-2022,08:47 AM,210565,Anisha,24-May-22,0565,64,22:22,12-08-2021,Hit Pedestrian,FALSE,FALSE,FALSE,Fatal Crash,1,1,1,Unknown,,Lala Lajpat Rai Marg,Petrol Pump Near Eros Hotel,"Nehru Place, New Delhi",29,77,A pedestrian was been hit by a motorcyclist where both the victims were taken to the hospital where the motorcyclist was declared as brought dead and the pedestrian was treated.,,,,,,,3899,2,East,Not Applicable
12-09-2022,08:47 AM,210624,Anisha,24-May-22,0624,64,23:00,19-08-2021,Unknown,TRUE,FALSE,FALSE,Fatal Crash,1,0,2,Unknown,,Near Kalkaji Flyover,Towards Bhairon Mandir,Outside Gate of Hansraj Sethi Park,29,77,A motorcyclist was been hit by an unknown vehicle. The victim was taken to the hospital where he was declared as brought dead.,,,,,,,3900,1,East,Unknown
12-09-2022,08:47 AM,210735,Anisha,25-May-22,0735,64,01:45,25-10-2021,Sideswipe (Same Direction),FALSE,FALSE,FALSE,Fatal Crash,1,2,2,Unknown,,Outer Ring Road,From Nehru Place towards Kalkaji Temple,Opposite Indian Oil Petrol Pump,29,77,A tempo was been hit by a speeding car which was coming from behind. The tempo driver died on the spot and the passengers of auto rickshaw were injured.,,,,,,,3901,1,North,Same Direction
12-09-2022,08:47 AM,2100031,Anisha,25-May-22,0031,64,07:30,20-01-2021,Backend Collision,TRUE,FALSE,FALSE,Fatal Crash,1,1,2,Unknown,,NSIC Bus Stand,Outer Ring Road,"Near Modi Mill, Kalkaji",29,77,A car was been hit by a truck from behind. The victim and the passenger of the car got injured and were taken to the hospital where they were declared as unfit for statement.,,,,,,,3902,2,West,Same Direction
12-09-2022,08:47 AM,210105,Anisha,25-May-22,0105,65,,25-03-2021,Others,FALSE,FALSE,FALSE,Fatal Crash,1,0,1,Unknown,,On Service Road NH-24,On the Lane From Sarai Kale Khan Towards Gazipur,,29,77,The motorcyclist was self injured and was found on the road in an unconscious state. The victim was taken to the hospital where he was declared as brought dead.,,,,,,,3903,2,East,Not Applicable
12-09-2022,08:47 AM,210164,Anisha,25-May-22,0164,65,07:15,24-04-2021,Unknown,FALSE,FALSE,FALSE,Fatal Crash,1,2,2,Unknown,,"Main Road, Trilokpuri",Near Chand Cinema Block-1,"Trilokpuri, Delhi",29,77,An auto rickshaw was been hit by a DTC busand the vehicles were found in an accidental conditions. The driver and the passengers of the rickshaw were taken to the hospital where the auto rickshaw driver died during the treatment and the passengers were treated.,,,,,,,3904,1,North,Unknown
12-09-2022,08:47 AM,210172,Anisha,25-May-22,0172,65,03:45,28-04-2021,Hit Pedestrian,FALSE,FALSE,FALSE,Fatal Crash,1,2,1,Unknown,,NH-24 Under Pass,"Near Gurudwara, East Vinod Nagar",,29,77,The pedestrians were been hit by an unknown vehicle. The victims were taken to the hospital where one of the pedestrian was declared as brought dead and the other were treated.,,,,,,,3905,1,N/A,Unknown
12-09-2022,08:47 AM,210206,Anisha,25-May-22,0206,65,,13-05-2021,Others,FALSE,FALSE,FALSE,Fatal Crash,1,0,1,Unknown,,Khichripur Main Road,"Om Sai Furniture, Delhi",,29,77,A motorcyclist was hit by an unknown vehicle and was taken to the hospital where he was declared as patient unfit for statement as said by the doctor.,,,,,,,3906,2,East,Not Applicable
12-09-2022,08:47 AM,2110274,Anisha,25-May-22,0274,65,,15-06-2021,Hit Pedestrian,TRUE,FALSE,FALSE,Fatal Crash,1,1,1,Unknown,,"Block -2, Trilokpuri",Delhi,,29,77,The pedestrias were been hit by an unknown vehicle. The victims were taken to the hospital where they were unfit for give statement.,,,,,,,3907,1,East,Unknown
12-09-2022,08:47 AM,210321,Anisha,25-May-22,0321,65,21:50,08-07-2021,Backend Collision,TRUE,FALSE,FALSE,Fatal Crash,1,0,2,Unknown,,"NH-24, Gazipur Flyover",Near Metro Line,,29,77,A motorcyclist was been hit by an unknown vehicle from behind. The victim was taken to the hospital where he was declared as brought dead.,,,,,,,3908,2,N/A,Same Direction
12-09-2022,08:47 AM,210348,Anisha,25-May-22,0348,65,,18-07-2021,Single Vehicle Hit Fixed Object,FALSE,FALSE,FALSE,Fatal Crash,1,1,1,Unknown,,"On NH-9, On the Lane from Gaziabad",Towards Delhi,,29,77,"A car got hit onto the divider and the driver and the passenger of the car got injured. On reaching the hospital, the passenger was declared as brought dead and the vehicle's driver was treated.",,,,,,,3909,2,N/A,Not Applicable
12-09-2022,08:47 AM,210005,Anisha,25-May-22,0005,66,,06-01-2021,Hit Pedestrian,TRUE,FALSE,FALSE,Fatal Crash,1,0,1,Unknown,,"Bhavbhuti Marg, Near Parking","Kamla Market, New Delhi",,29,77,A pedestrian was been hit by an unknown vehicle. The victim was taken to the hospital where the victim was declared as brought dead.,,,,,,,3910,0,N/A,Unknown
12-09-2022,08:47 AM,210152,Anisha,25-May-22,0152,66,22:00,17-06-2021,Hit Pedestrian,TRUE,FALSE,FALSE,Fatal Crash,1,0,1,Unknown,,Near Zakir Hussain College,JLN Marg,New Delhi,29,77,A pedestrian was been hit by an unknown vehicle. The victim was taken to the hospital where he died during the treatment.,,,,,,,3911,1,East,Not Applicable
12-09-2022,08:47 AM,210341,Anisha,25-May-22,0341,66,20:30,19-07-2021,Hit Pedestrian,TRUE,FALSE,FALSE,Fatal Crash,1,0,1,Unknown,,Near Minto Road,"Bus Stop, Delhi",,29,77,"A pedestrian was been hit by an unknown vehicle. The victim was not taken to the hospital on the day of incident and was given first aid by his family member. Later on, when the victim's health got severe, the ambulance took him to the hospital where he was declared as brought dead.",,,,,,,3912,1,N/A,Unknown