Auto_Date,Auto_Time,Form_No,Entry_Personnel,Filled_Date,FIR_No,Police_Station,Time_Of_Crash,Date_Of_Crash,Collision_Type,Hit_and_Run,Special_Case,Case File Available,Crash_Severity,No_Of_ Fatalities,No_Of_ Injured,No_Of_Vehicles,Location,Road_Type,Road_1,Road_2,Road_3,GPS_Lat,GPS_Long,Note,No_of_Lanes,Curb_Type,Shoulder_Type,Median_Type,Light_Condition,Weather_Condition,Crash_ID,Distance_From_Landmark,Text97,Veh_Rel_Travel_Dir
12-09-2022,08:47 AM,210335,Anisha,30-May-22,0335,76,01:00,25-09-2021,Hit Pedestrian,TRUE,FALSE,FALSE,Fatal Crash,1,0,1,Unknown,,"Ring Road, Jia Sarai","Petrol Pump, Delhi",,29,77,A pedestrian was been hit by an unknown vehicle. The victim was taken to the hospital where he was unfit for statement.,,,,,,,3983,3,North,Unknown
12-09-2022,08:47 AM,210546,Anisha,30-May-22,0546,76,10:52,17-12-2021,Single Vehicle Hit Fixed Object,FALSE,FALSE,FALSE,Fatal Crash,1,0,1,Unknown,,Munirka Flyover Ring Road,"Outer Munirka, New Delhi",,29,77,An auto rickshaw driver got hit into the stationary object. The victim was take to the hospital where he was declared as brought dead.,,,,,,,3984,3,North-West,Unknown
12-09-2022,08:47 AM,210561,Anisha,30-May-22,0561,76,00:00,29-12-2021,Multi Vehicle Crash,FALSE,FALSE,FALSE,Fatal Crash,1,1,3,Unknown,,Outer Ring Road,Towards Hauz Khas,Near Footover Bridge,29,77,A taxi car was found on the divider and the tempo and a car were found in an accidental condition on the road. The victims were taken to the hospital where one of the victim was declared as brought dead.,,,,,,,3985,5,North,Unknown
12-09-2022,08:47 AM,210119,Anisha,30-May-22,0119,77,23:30,10-03-2021,Hit Pedestrian,TRUE,FALSE,FALSE,Fatal Crash,1,0,1,Unknown,,AIIMS Hospital,Infront of Gate No.2,,29,77,A disembarked vehicle occupant parked his vehicle and was heading towards the public washroom when a speeding BMW car hitted him and ran away from the site. The victim was taken to the hospital where he was declared as brought dead.,,,,,,,3986,1,N/A,Unknown
12-09-2022,08:47 AM,210419,Anisha,30-May-22,0419,77,17:30,12-10-2021,Hit Pedestrian,FALSE,FALSE,FALSE,Fatal Crash,1,0,1,Unknown,,In fornt of H No.L-215,"Sewa Nagar, Kotla Mubarakpur",,29,77,A pedestrian was been hit by a tempo. The victim was taken to the hospital where he was declared as brought dead.,,,,,,,3987,1,North,Unknown
12-09-2022,08:47 AM,210444,Anisha,30-May-22,0444,77,20:00,05-11-2021,Hit Pedestrian,FALSE,FALSE,FALSE,Fatal Crash,1,1,1,Unknown,,"Ring Road, Near Andrews Ganj Flyover","Near South Extension, Part 1",,29,77,A pedestrian was been hit by a motorcyclist. The victim was taken to the hospital where he was unfit to give statement.,,,,,,,3988,2,South-East,Unknown
12-09-2022,08:47 AM,210412,Anisha,30-May-22,0412,78,01:27,17-05-2021,Sideswipe (Same Direction),TRUE,FALSE,FALSE,Fatal Crash,1,1,2,Unknown,,Near Geeta Colony Flyover,Outer Ring Road,,29,77,A motorcyclist and a pillion rider were been hit by a truck. The victims were taken to the hospital where the pillion rider was declared as brought dead.,,,,,,,3989,1,East,Same Direction
12-09-2022,08:47 AM,210455,Anisha,30-May-22,0455,78,14:05,23-05-2021,Sideswipe (Same Direction),TRUE,FALSE,FALSE,Fatal Crash,1,2,2,Unknown,,By pass Ring Road,"Behind Red Fort, Delhi",,29,77,A motorcyclist and the pillion riders were been hit by a truck from side. The victims were taken to the hospital where the pillion riders were decalared as brought dead and the motorcyclist was treated.,,,,,,,3990,2,East,Same Direction
12-09-2022,08:47 AM,210465,Anisha,30-May-22,0465,78,08:43,26-05-2021,Unknown,FALSE,FALSE,FALSE,Fatal Crash,2,2,2,Unknown,,Near Child Crimination Ring,,,29,77,A DTC Bus and a TSR were found in an accidental condition. The victims were taken to the hospital where the auto rickshaw passengers were declared as brought dead.,,,,,,,3991,1,East,Unknown
12-09-2022,08:47 AM,210533,Anisha,30-May-22,0533,78,22:18,10-06-2021,Hit Pedestrian,TRUE,FALSE,FALSE,Fatal Crash,1,0,1,Unknown,,Subahsh Marg Angoori Bagh,Cut near Old Lajpat Rai Market,,29,77,A pedestrian was been hit by an unknown vehicle. The victim was taken to the hospital where he was unfit to give statement.,,,,,,,3992,1,North,Unknown
12-09-2022,08:47 AM,210541,Anisha,30-May-22,0541,78,21:05,12-06-2021,Unknown,FALSE,FALSE,FALSE,Fatal Crash,1,0,1,Unknown,,Ring Road Towards ISBT,Behind Red Fort,Near Vijay Ghat Bus Depot,29,77,A motorcyclist was self injured and was taken to the hospital where he was treated.,,,,,,,3993,2,East,Unknown
12-09-2022,08:47 AM,210555,Anisha,30-May-22,0555,78,04:23,19-06-2021,Hit Pedestrian,TRUE,FALSE,FALSE,Fatal Crash,1,0,1,Unknown,,Infront of Red Fort,Near Kabootar Market,,0,0,A pedestrian was beenh hit by an unknown vehicle and was declared as brought dead.,,,,,,,3994,1,East,Unknown
12-09-2022,08:47 AM,210586,Anisha,30-May-22,0586,78,04:10,28-06-2021,Hit Pedestrian,TRUE,FALSE,FALSE,Fatal Crash,1,0,1,Unknown,,"Subhash Marg, Infront of Jama Masjid",,,29,77,A pedestrian was beenh hit by an unknown vehicle and was declared as brought dead.,,,,,,,3995,1,East,Unknown
12-09-2022,08:47 AM,210632,Anisha,30-May-22,0632,78,12:08,07-07-2021,Hit Pedestrian,TRUE,FALSE,FALSE,Fatal Crash,1,0,1,Unknown,,Geeta Colony Flyover,Towards Shanti Van Chowk,,29,77,A pedestrian was beenh hit by an unknown vehicle and was declared as brought dead.,,,,,,,3996,2,East,Unknown
12-09-2022,08:47 AM,210853,Anisha,30-May-22,0853,78,22:05,14-09-2021,Backend Collision,TRUE,FALSE,FALSE,Fatal Crash,1,0,2,Unknown,,"Lower Subhash Marg, Near Subway","Red Fort, Delhi",,29,77,An hand drawn vehicle was been hit by a bus from behind. The victim was taken to the hospital where he was declared as brought dead.,,,,,,,3997,1,South-East,Same Direction
12-09-2022,08:47 AM,210982,Anisha,30-May-22,0982,78,10:30,20-10-2021,Unknown,TRUE,FALSE,FALSE,Fatal Crash,1,0,2,Unknown,,Geeta Colony Flyover,Towards Shanti Van Red Light,,29,77,A motorcyclist was been hit by an unknown vehicle. The victim was taken to the hospital where he was declared brought dead.,,,,,,,3998,2,East,Unknown
12-09-2022,08:47 AM,210147,Anisha,30-May-22,0147,79,09:00,13-04-2021,Hit Pedestrian,FALSE,FALSE,FALSE,Fatal Crash,1,0,1,Unknown,,Near B-108,Infront of Shakti Mandir,Kanti Nagar,29,77,A pedestrian was been hit by a motorcyclist. The pedestria was injured and was taken to the hospital where she was dead on the spot.,,,,,,,3999,1,East,Unknown
12-09-2022,08:47 AM,210455,Anisha,30-May-22,0455,79,19:05,10-08-2021,Unknown,FALSE,FALSE,FALSE,Fatal Crash,1,0,1,Unknown,,Near Nala Kanti Nagar,,,29,77,A motorcyclist was self injured and was taken to the hospital where he was treated and died during the treatment,,,,,,,4000,1,N/A,Unknown
12-09-2022,08:47 AM,210724,Anisha,30-May-22,0724,79,14:45,07-11-2021,Hit Pedestrian,TRUE,FALSE,FALSE,Fatal Crash,1,0,1,Unknown,,Road Towards Jagatpuri Road No.57,200 metre far from Kanti Nagar,,29,77,A pedestrian was been hit by a motorcycle. The victim was taken to the hospital where she was treated,,,,,,,4001,1,East,Unknown
12-09-2022,08:47 AM,210752,Anisha,31-May-22,0752,79,22:30,20-11-2021,Hit Pedestrian,TRUE,FALSE,FALSE,Fatal Crash,1,0,1,Unknown,,Near Bihari Colony Bus Stand,"Krishna Nagar, Delhi",,29,77,A pedestrian was been hit by an unknown vehicle. The victim was taken to the hospital where he was unfit to give statament.,,,,,,,4002,1,East,Unknown
12-09-2022,08:47 AM,210058,Anisha,31-May-22,0058,80,21:00,07-02-2021,Hit Pedestrian,FALSE,FALSE,FALSE,Fatal Crash,1,0,1,Unknown,,Infront of G block,SN Market,,31,74,A pedestrian was been hit by a motorcyclist. The victim was taken to the hospital where he was declared as brought dead.,,,,,,,4003,1,North-West,Unknown
12-09-2022,08:47 AM,210111,Anisha,31-May-22,0111,80,,13-03-2021,Hit Pedestrian,TRUE,FALSE,FALSE,Fatal Crash,1,0,1,Unknown,,"Main Road, Pull Mithai",Near Awanti Bai Chowk,"Lahori Gate, Delhi",29,77,A pedestrian was bene hit by an unknown vehicle. The victim's body was crushed and he was dead omn the spot.,,,,,,,4004,1,North,Unknown
12-09-2022,08:47 AM,210323,Anisha,31-May-22,0323,80,20:30,10-06-2021,Hit Pedestrian,TRUE,FALSE,FALSE,Fatal Crash,1,0,1,Unknown,,"SPM Marg, Fatehpur, Delhi",,,29,77,A pedestrian was been hit by an unknown vehicle. The victim was taken to the hospital where he was declared as brought dead.,,,,,,,4005,1,East,Unknown
12-09-2022,08:47 AM,210396,Anisha,31-May-22,0396,80,18:00,15-07-2021,Hit Pedestrian,TRUE,FALSE,FALSE,Fatal Crash,1,0,1,Unknown,,Footpath Main Road,"Chandini Chowk, Near Punjab National Bank",,29,77,A pedestrian was been hit by an unknown vehicle. The victim was taken to the hospital where he was declared as brought dead.,,,,,,,4006,1,East,Unknown
12-09-2022,08:47 AM,210484,Anisha,31-May-22,0484,80,00:30,30-08-2021,Hit Pedestrian,TRUE,FALSE,FALSE,Fatal Crash,1,0,1,Unknown,,Main Road Lahori Gate Chowk,PS- Lahori Gate,,29,77,A pedestrian was been hit by an unknown vehicle. The victim was taken to the hospital where he died during the treatment.,,,,,,,4007,0,North-East,Unknown
12-09-2022,08:47 AM,210572,Anisha,31-May-22,0572,80,03:16,14-10-2021,Hit Pedestrian,FALSE,FALSE,FALSE,Fatal Crash,1,0,1,Unknown,,Main Lahori Gate Chowk,"PS- Lahori Gate, Delhi",,29,77,A  pedestrian was crossing the road and was been hit by a truck and was dead on the spot.,,,,,,,4008,0,North,Unknown
12-09-2022,08:47 AM,210324,Anisha,31-May-22,0324,81,11:30,20-08-2021,Single Vehicle Hit Parked Vehicle,FALSE,FALSE,FALSE,Fatal Crash,1,0,2,Unknown,,Under Moolchand Flyover,Lajpat Nagar,,29,77,A disembarked vehicle occupant was been hit by a tempo who was coming at a very high speed. The victim fell and was lying on the road. He was taken to the hopsital where he was declared as brought dead.,,,,,,,4009,1,West,Not Applicable
12-09-2022,08:47 AM,210478,Anisha,31-May-21,0478,81,13:35,03-12-2021,Hit Pedestrian,FALSE,FALSE,FALSE,Fatal Crash,1,0,2,Unknown,,"Near Mother Diary, Jal Vihar","Central Market, Lajpat Nagar",,29,77,A motorcyclist was been hit by a taxi driver from front. The victim was injured and was taken to the hospital where he was declared as brought dead.,,,,,,,4010,2,North-East,Opposite Direction
12-09-2022,08:47 AM,210131,Anisha,31-May-22,0131,83,14:40,01-06-2021,Backend Collision,FALSE,FALSE,FALSE,Fatal Crash,1,0,2,Unknown,,New Khanna Market Chowk,,,29,77,A motorcyclist was been hit by a car. The victim was injured and was taken to the hospital where he was declared as brought dead.,,,,,,,4011,2,North-West,Same Direction
12-09-2022,08:47 AM,210152,Anisha,31-May-22,0152,83,21:45,07-07-2021,Hit Pedestrian,FALSE,FALSE,FALSE,Fatal Crash,1,0,1,Unknown,,Sewa Nagar Depot,"Infront of Workshop, Lodhi Colony",,29,77,"A pedestrian was been hit by a cluster bus. The victim was been crushed by the bus driver and his body parts were scattered on the road. On arrival of the CATS ambulance, he was declared as dead on the spot.",,,,,,,4012,2,N/A,Unknown
12-09-2022,08:47 AM,210014,Anisha,31-May-22,0014,86,19:19,16-01-2021,Unknown,TRUE,FALSE,FALSE,Fatal Crash,1,0,2,Unknown,,"Road No.57, Near Nala, Hasanpur Village",,,29,77,A motorcyclist was been hit by a heavy vehicle. The victim was injured and was taken to the hospital by PCR van where he was unfit to give statement.,,,,,,,4013,2,North-East,Unknown
12-09-2022,08:47 AM,210058,Anisha,31-May-22,0058,86,11:30,16-03-2021,Hit Pedestrian,TRUE,FALSE,FALSE,Fatal Crash,1,0,2,Unknown,,Near Metro Pillar No.211,Max Hospital PPG,,29,77,The pedestrians were been hit by a motorcyclist and then one of the pedestrians was been crushed by a truck. The victims were injured ad were taken to the hospital where they were treated.,,,,,,,4014,2,N/A,Unknown
12-09-2022,08:47 AM,210372,Anisha,31-May-22,0372,86,19:53,20-10-2021,Hit Pedestrian,TRUE,FALSE,FALSE,Fatal Crash,1,0,1,Unknown,,Infront of Patanjali Store,Khichripur Road,,29,77,A pedestrian was been hit by an unknown vehicle. The victim was taken to the hospital where he was unfit to give statement.,,,,,,,4015,1,North-East,Unknown
12-09-2022,08:47 AM,210191,Anisha,31-May-22,0191,86,23:50,25-07-2021,Hit Pedestrian,TRUE,FALSE,FALSE,Fatal Crash,1,0,1,Unknown,,"Main Road No.57, Near Singla Sweet","Madhu Vihar, Delhi",,29,77,A pedestrian was been hit by an unknown vehicle. The victim was taken to the hospital where he was unfit to give statement.,,,,,,,4016,2,N/A,Unknown
12-09-2022,08:47 AM,210006,Anisha,01-Jun-22,0006,87,17:47,03-01-2021,Unknown,TRUE,FALSE,FALSE,Fatal Crash,1,0,1,Unknown,,Infront of GT Road Bhama Shah Park,,,29,77,A pedestrian was been hit by an unknown vehicle. The victim was been taken to the hospital where he was declared as brought dead.,,,,,,,4017,2,North-West,Unknown
12-09-2022,08:47 AM,210011,Anisha,01-Jun-22,0011,87,23:50,06-01-2021,Unknown,TRUE,FALSE,FALSE,Fatal Crash,1,1,2,Unknown,,Outer Ring Road,"Mukraba Chowk,Flyover",,29,77,A motorcyclist and a pillion rider were been hit by an unknown vehicle. The victims were taken to the hospital where the motorcyclist was declared as brought dead and the pillion rider was treated.,,,,,,,4018,1,South,Unknown
12-09-2022,08:47 AM,210105,Anisha,01-Jun-21,0105,87,13:30,28-02-2021,Hit Pedestrian,FALSE,FALSE,FALSE,Fatal Crash,1,0,1,Unknown,,Under Mukraba Chowk Flyover,GT Road,,29,77,A pedestrian was been hit by a TSR. The victim was taken to the hospital by the same TSR where she died during the treatment.,,,,,,,4019,1,North,Unknown
12-09-2022,08:47 AM,210427,Anisha,01-Jun-22,0427,87,21:30,04-05-2021,Unknown,TRUE,FALSE,FALSE,Fatal Crash,1,0,1,Unknown,,Mukraba Chowk Flyover,Towards ISBT Road,,29,77,A mototrcyclist was been hit by an unknown vehicle. The victim was been taken to the hospital where he was declared as brought dead.,,,,,,,4020,2,South,Unknown
12-09-2022,08:47 AM,211189,Anisha,01-Jun-22,1189,87,23:00,12-09-2021,Hit Pedestrian,FALSE,FALSE,FALSE,Fatal Crash,1,0,1,Unknown,,Towards Rohini Side Flyover,GT Road,,29,77,A pedestrian was been hit by a truck. The victim was taken to the hospital where he was declared as brought dead.,,,,,,,4021,2,West,Unknown
12-09-2022,08:47 AM,210044,Anisha,01-Jun-22,0044,87,22:15,27-01-2021,Unknown,FALSE,FALSE,FALSE,Fatal Crash,1,0,2,Unknown,,"Loop Flyover, Towards Rohini",Near Masjid,"Jahangir Puri, Delhi",29,77,A motorcyclist was been hit by a car. The motorcyclist was been taken to the hospital where he was unfit to give statement.,,,,,,,4022,1,North,Unknown
12-09-2022,08:47 AM,210071,Anisha,01-Jun-22,0071,87,04:28,09-02-2021,Hit Pedestrian,TRUE,FALSE,FALSE,Fatal Crash,1,0,1,Unknown,,"Red Light, Gurudwara Mahendra Park",,,29,77,A pedestrian was been hit by an unknown vehicle and was dead on the spot.,,,,,,,4023,1,N/A,Unknown
12-09-2022,08:47 AM,210083,Anisha,01-Jun-22,0083,87,11:00,16-02-2021,Hit Pedestrian,FALSE,FALSE,FALSE,Fatal Crash,1,0,1,Unknown,,Near SSI Jhuggi,,,29,77,A pedestrian was been hit by a tempo and was injured. The victim was taken to the hospital where she was declared as borught dead.,,,,,,,4024,1,East,Unknown
12-09-2022,08:47 AM,210569,Anisha,01-Jun-22,0569,87,23:45,25-05-2021,Sideswipe (Same Direction),FALSE,FALSE,FALSE,Fatal Crash,1,0,2,Unknown,,Near D Block Chowk,Azadpur Sabzi Mandi,,29,77,A motorcyclist was been hit by a truck from side and the motorcyclist came under the tyre of the truck and the victim was dead on the spot.,,,,,,,4025,1,West,Same Direction
12-09-2022,08:47 AM,210723,Anisha,01-Jun-22,0723,87,18:05,22-06-2021,Unknown,TRUE,FALSE,FALSE,Fatal Crash,1,0,2,Unknown,,Infront of DTC Bus Depot,Sanjay Nagar,Near Karnal Bypass,29,77,A motorcyclist was been hit by an unknown vehicle. The victim was taken to the hospital where he was unfit for statement.,,,,,,,4026,2,East,Unknown
12-09-2022,08:47 AM,210820,Anisha,01-Jun-22,0820,87,23:15,07-07-2021,Hit Pedestrian,TRUE,FALSE,FALSE,Fatal Crash,1,0,1,Unknown,,Infront of Khusbu Hotel,Near Peer Baba Red Light,Mahendra Park,29,77,A pedestrian was been hit by an unknown vehicle. The victim was taken to the hospital where he died during the treatment.,,,,,,,4027,1,West,Unknown
12-09-2022,08:47 AM,211132,Anisha,01-Jun-22,1132,87,11:55,27-08-2021,Unknown,TRUE,FALSE,FALSE,Fatal Crash,1,0,2,Unknown,,GTK Road,Near Pillar No.108,,29,77,A motorcyclist was been hit by an unknown vehicle. The victim was taken to the hospital where he was declared as brought dead.,,,,,,,4028,1,North,Unknown
12-09-2022,08:47 AM,211347,Anisha,01-Jun-22,1347,87,23:59,27-10-2021,Hit Pedestrian,TRUE,FALSE,FALSE,Fatal Crash,1,0,1,Unknown,,Service Road,Near Ram Garh,"Jahangir Puri, Delhi",29,77,A pedestrian was been hit by an unknown vehicle. The victim was taken to the hospital where he was declared as brought dead.,,,,,,,4029,1,North,Unknown
12-09-2022,08:47 AM,211497,Anisha,01-Jun-22,1497,87,22:15,04-12-2021,Unknown,TRUE,FALSE,FALSE,Fatal Crash,1,0,2,Unknown,,Towards GTK Road,Near CNG Pump,,29,77,A cyclist was been hit by an unknown vehicle. The victim was taken to the hospital and was declared as brought dead.,,,,,,,4030,1,North,Unknown
12-09-2022,08:47 AM,211585,Anisha,01-Jun-22,1585,87,05:30,22-12-2021,Hit Pedestrian,TRUE,FALSE,FALSE,Fatal Crash,1,0,1,Unknown,,"T-point, Near C-10 RU Block","Jahangir Puri, Delhi",,29,77,Aa pedestrian was been hit by a truck and was been crushed by the same vehicle. The victim was taken to the hospital where the doctor declared him as brought dead.,,,,,,,4031,1,North-West,Unknown
12-09-2022,08:47 AM,210153,Anisha,06-Jun-22,0153,13,12:10,27-03-2021,Others,FALSE,FALSE,FALSE,Fatal Crash,1,1,1,Unknown,,"Near Hanuman Mandir, Bawana",,,29,77,A motorcyclist and a pillion rider were self falled from the motorcycle. The victims were taken to the hospital where they were treated.,,,,,,,4032,1,N/A,Not Applicable
12-09-2022,08:47 AM,210616,Anisha,06-Jun-22,0616,9,19:45,28-12-2021,Hit Pedestrian,FALSE,FALSE,FALSE,Fatal Crash,1,3,1,Unknown,,Infront of Main Gate on Road,PS Baba Hardidas Nagar,,29,77,"A pedestrian was been hit by a motorcyclist. The motorcyclist, the pedestrian and the pillion riders were been injured and was taken to the hospital where they were treated.",,,,,,,4033,0,East,Not Applicable
12-09-2022,08:47 AM,210874,Anisha,06-Jun-22,0874,13,22:00,22-10-2021,Unknown,TRUE,FALSE,FALSE,Fatal Crash,1,1,2,Unknown,,Near Bada Golchakar,"Sector-4, DSCIIDC",,29,77,A motorcyclist and a pillion rider were been hit by an unknown vehicle. The victims were taken to the hospital where the motorcyclist was declared as brought dead and the pillion rider was treated.,,,,,,,4034,4,South-West,Unknown
12-09-2022,08:47 AM,210347,Anisha,06-Jun-22,0347,25,02:43,10-09-2021,Hit Pedestrian,FALSE,FALSE,FALSE,Fatal Crash,1,2,1,Unknown,,"Outer Ring Road, Infront of Park",Near Monestry Market Civil Lines,Delhi,29,77,The pedestrians were been hit by a car. The victims were taken to the hospital where they were treated.,,,,,,,4035,1,N/A,Not Applicable
12-09-2022,08:47 AM,210146,Anisha,06-Jun-22,0146,26,04:30,02-08-2021,Unknown,FALSE,FALSE,FALSE,Fatal Crash,1,3,1,Unknown,,"Outer Circle, Infront of Panchkuiya Road","Cannaught Place, New Delhi",,29,77,A motorcyclist and the pillion riders were hit by an unknown vehicle. The victims were taken to the hospital where they were unfit to give statement.,,,,,,,4036,1,South,Unknown
12-09-2022,08:47 AM,210015,Anisha,07-Jun-22,0015,39,11:15,08-01-2021,Single Vehicle Hit Fixed Object,FALSE,FALSE,FALSE,Fatal Crash,1,1,1,Unknown,,Shamshaan Ghat to Shakarpur Road,geeta Colony Flyover Bridge,,29,77,A motocyclist and a pillion rider were been hit by the divider. The victims were injured and were taken to the hopsital where they were unfit to give statement.,,,,,,,4037,1,West,Not Applicable
12-09-2022,08:47 AM,210234,Anisha,07-Jun-22,0234,29,03:45,08-07-2021,Hit Pedestrian,FALSE,FALSE,FALSE,Fatal Crash,1,1,1,Unknown,,Towards Red Fort,Near Sabzi Mandi,,29,77,The pedestrians were been hit by a a car. The victims were injured and were taken to the hospital.,,,,,,,4038,0,,Unknown
12-09-2022,08:47 AM,210089,Anisha,07-Jun-22,0089,22,12:30,12-05-2021,Hit Pedestrian,TRUE,FALSE,FALSE,Fatal Crash,1,0,1,Unknown,,Towards Karol Bagh,Opposite Budha Gard,,29,77,A pedestrian was been hit by an unknown vehicle.,,,,,,,4039,0,,Unknown
12-09-2022,08:47 AM,210117,Anisha,07-Jun-22,0117,22,22:20,01-08-2021,Hit Pedestrian,TRUE,FALSE,FALSE,Fatal Crash,1,0,1,Unknown,,Mustafa Kamal Ataturg Marg,,,29,77,A pedestrian was been hit by an unknown vehicle.,,,,,,,4040,0,,Unknown
12-09-2022,08:47 AM,210419,Anisha,07-Jun-22,0419,6,06:30,08-10-2021,Unknown,TRUE,FALSE,FALSE,Fatal Crash,1,1,2,Unknown,,Zakhira Flyover,New Rohtak Road,,29,77,A motorcyclist and a pillion rider were been hit by a tempo driver.,,,,,,,4041,0,,Unknown
12-09-2022,08:47 AM,210118,Anisha,08-Jun-22,0118,7,16:00,20-05-2021,Unknown,FALSE,FALSE,FALSE,Fatal Crash,1,2,2,Unknown,,Rishabh Vihar Chowk,"Karkadooma, Delhi",,29,77,A car was been hit by another car. The victim was taken to the hospital where he was treated.,,,,,,,4042,1,East,Unknown
12-09-2022,08:47 AM,210247,Anisha,15-Jun-22,0247,54,06:00,29-06-2021,Single Vehicle Overturn,FALSE,FALSE,FALSE,Fatal Crash,1,1,1,Unknown,,Karkari Mod Flyover,,,29,77,A tempo was been self overturned and it's driver and one unknown person fell from the flyover and were injured. The victims were taken to the hospital where the tempo's driver died during the treatment.,,,,,,,4043,2,North-East,Not Applicable
12-09-2022,08:47 AM,210050,Anisha,15-Jun-22,0050,1,20:30,23-01-2021,Hit Pedestrian,FALSE,FALSE,FALSE,Fatal Crash,1,0,2,Unknown,,"Near Shop No. 34, TPT",Azadpur Delhi,,29,77,A speeding truck hit the victim from behind who was loading goods on a parked truck. The speeding truck driver ran away from the spot and the victim was declared brought dead by the doctor.,,,,,,,4044,0,West,Same Direction
12-09-2022,08:47 AM,210104,Anisha,15-Jun-22,0104,1,23:40,19-02-2021,Unknown,TRUE,FALSE,FALSE,Fatal Crash,1,0,1,Unknown,,Near Police Booth,Kewal Park,,29,77,The victim was found in an unconscious state with his motorcycle whose parts were found broken on the spot.,,,,,,,4045,2,North-East,Unknown
12-09-2022,08:47 AM,210141,Anisha,15-Jun-22,0141,1,13:00,21-03-2021,Unknown,TRUE,FALSE,FALSE,Fatal Crash,1,0,1,Unknown,,,,,0,0,The victim was hit by the scooty rider and was  taken to the hospital by the scooty rider before the police arrived at the accident spot.,,,,,,,4046,0,East,Unknown
12-09-2022,08:47 AM,210192,Anisha,15-Jun-22,0192,1,12:30,13-04-2021,Backend Collision,FALSE,FALSE,FALSE,Fatal Crash,1,0,2,Unknown,,Near Adarsh Nagar Metro Station,Delhi,,29,77,The motorcyclist and the pillion rider was hit by the truck from behind and the truck driver rolled over his truck onto the motorcycle and pillion rider's leg. The motorcyclist then took the pillion rider to the hospital in an autorickshaw.,,,,,,,4047,2,North-East,Same Direction
12-09-2022,08:47 AM,210295,Anisha,15-Jun-22,0295,1,23:55,17-06-2021,Right Angle Crash,FALSE,FALSE,FALSE,Fatal Crash,1,0,2,Unknown,,Majlis Park Metro Station,Delhi,,29,77,A speeding tempo while taking a U-turn hits the scooty rider and rans away with his tempo. Later the scooty rider was treated at the hospital and few hours later he was declared dead by the doctor.,,,,,,,4048,1,North-West,Same Direction
12-09-2022,08:47 AM,210818,Anisha,15-Jun-22,0818,1,09:00,19-12-2021,Hit Pedestrian,TRUE,FALSE,FALSE,Fatal Crash,1,0,1,Unknown,,Azadpur Flyover Chowk,Delhi,,29,77,An unknown vehicle hit the victim and the victim was found on the road. Later on when the victim was taken to the hospital he was declared brought dead by the doctor.,,,,,,,4049,0,North,Unknown
12-09-2022,08:47 AM,210004,Anisha,15-Jun-22,0004,2,18:00,01-01-2021,Hit Pedestrian,FALSE,FALSE,FALSE,Fatal Crash,1,0,1,Unknown,,Near Bakoli Village,Delhi,,29,77,The victim was taken to the Maharishi Valmiki Hospital where the doctor said that his left ear was disoriented and needs to be taken to the  Safdurjung Hospital in the neuro department.,,,,,,,4050,3,North,Unknown
12-09-2022,08:47 AM,210006,Anisha,15-Jun-22,0006,2,20:30,03-01-2021,Unknown,TRUE,FALSE,FALSE,Fatal Crash,1,0,2,Unknown,,In Front of Royal Arches,Bakhtawarpur Road,"Alipur, Delhi",29,77,The motorcyclist was been hit by a car. The victim was identified by one of his neighbour and he was taken to the hospital by his car. After reached at the hospital the doctor decalred brought dead to the victim.,,,,,,,4051,2,North,Unknown
12-09-2022,08:47 AM,210029,Anisha,15-Jun-22,0029,2,08:50,16-01-2021,Hit Pedestrian,TRUE,FALSE,FALSE,Fatal Crash,1,0,1,Unknown,,Hamidpur Village,Near Jindal Godown,"Alipur, Delhi",29,77,The victim was been hit by an unknown vehicle and the victim was found dead at the spot.,,,,,,,4052,2,North,Unknown
12-09-2022,08:47 AM,210040,Anisha,15-Jun-22,0040,2,15:00,23-01-2021,Unknown,TRUE,FALSE,FALSE,Fatal Crash,1,0,2,Unknown,,Near Old Age Home,Khera Kala,,29,77,"A motorcyclist was hit by a truck driver who ran away, kept his truck parked and the motorcyclist was taken to the hospital by the CATS van where the doctor declared him to be brought dead.",,,,,,,4053,5,North-West,Unknown